item,store,price,protein,fiber,vitamin_c,calcium,sugar,sodium,saturated_fat
Black Beans (canned),Aldi,1.19,7,5,0,3,1,200,0
Frozen Broccoli,Aldi,1.49,3,3,60,4,1,30,0
Eggs (dozen),Aldi,2.29,6,0,0,2,0,70,1
Peanut Butter,Aldi,2.19,8,2,0,1,3,150,2
Whole Wheat Bread,Aldi,1.79,4,3,0,2,2,180,1
Bananas (lb),Aldi,0.79,1,3,10,1,14,1,0

White Bread,Corner Store,2.49,3,1,0,1,4,250,1
Instant Noodles,Corner Store,1.29,2,1,0,1,2,850,3
Soda (20oz),Corner Store,1.99,0,0,0,0,65,30,0
Chips (bag),Corner Store,2.99,2,1,0,1,1,300,4
Canned Soup,Corner Store,2.59,3,1,0,1,2,700,2
Candy Bar,Corner Store,1.49,1,0,0,0,22,85,3

Spinach (bag),Premium Grocer,3.99,2,2,28,3,0,65,0
Chicken Breast (lb),Premium Grocer,4.99,26,0,0,1,0,70,1
Greek Yogurt,Premium Grocer,1.49,10,0,0,15,6,60,0
Avocado,Premium Grocer,1.79,2,3,12,1,0,7,2
Salmon (fillet),Premium Grocer,8.99,22,0,0,1,0,55,3
Quinoa (bag),Premium Grocer,5.49,8,5,0,2,1,10,1

Tomato Sauce,Local Market,1.39,2,2,20,2,4,380,0
Seasonal Apples (lb),Local Market,1.29,0,4,8,1,12,1,0
Local Eggs (dozen),Local Market,2.79,6,0,0,2,0,65,1
Fresh Tomatoes,Local Market,2.49,1,2,20,1,3,10,0
Brown Rice (bag),Local Market,2.99,4,3,0,2,1,5,0
Canned Corn,Local Market,1.19,2,2,0,1,3,300,0

Pasta,Big Box Retailer,1.29,3,2,0,1,1,10,0
Frozen Mixed Veggies,Big Box Retailer,1.99,3,3,30,3,2,25,0
Ground Turkey (lb),Big Box Retailer,3.49,21,0,0,1,0,80,2
Oatmeal (container),Big Box Retailer,2.49,5,4,0,2,1,2,0
Milk (gallon),Big Box Retailer,3.29,8,0,0,30,12,120,2
Tortillas (pack),Big Box Retailer,2.19,4,2,0,2,1,180,1
